-- Insert values into Store table
INSERT INTO Store (StoreID, StreetAddress, City, [State], Country, Contact_No, Email_Address)
VALUES 
    (1, '123 Main St', 'New York', 'NY', 'USA', 1234567890, 'store1@example.com'),
    (2, '456 Oak Ave', 'Los Angeles', 'CA', 'USA', 2345678901, 'store2@example.com'),
    (3, '789 Elm St', 'Chicago', 'IL', 'USA', 3456789012, 'store3@example.com'),
    (4, '101 Pine St', 'Houston', 'TX', 'USA', 4567890123, 'store4@example.com'),
    (5, '202 Maple Ave', 'Miami', 'FL', 'USA', 5678901234, 'store5@example.com'),
    (6, '303 Walnut St', 'Phoenix', 'AZ', 'USA', 6789012345, 'phoenixstore@gmail.com'),
    (7, '404 Cedar Ave', 'Philadelphia', 'PA', 'USA', 7890123456, 'phillystore@gmail.com'),
    (8, '505 Birch St', 'San Antonio', 'TX', 'USA', 8901234567, 'santoniostore@gmail.com'),
    (9, '606 Oak St', 'San Diego', 'CA', 'USA', 9012345678, 'sandiegostore@gmail.com'),
    (10, '707 Pine St', 'Dallas', 'TX', 'USA', 1231231234, 'dallasstore@gmail.com'),
    (11, '808 Maple Ave', 'San Jose', 'CA', 'USA', 2342342345, 'sanjosestore@gmail.com'),
    (12, '909 Elm St', 'Austin', 'TX', 'USA', 3453453456, 'austinstore@gmail.com'),
    (13, '1010 Main St', 'Jacksonville', 'FL', 'USA', 4564564567, 'jacksonvillestore@gmail.com'),
    (14, '1111 Oak Ave', 'San Francisco', 'CA', 'USA', 5675675678, 'sanfranciscostore@gmail.com'),
    (15, '1212 Walnut St', 'Indianapolis', 'IN', 'USA', 6786786789, 'indianapolisstore@gmail.com'),
    (16, '1313 Cedar Ave', 'Columbus', 'OH', 'USA', 7897897890, 'columbusstore@gmail.com'),
    (17, '1414 Birch St', 'Fort Worth', 'TX', 'USA', 8908908901, 'fortworthstore@gmail.com'),
    (18, '1515 Pine St', 'Charlotte', 'NC', 'USA', 9019019012, 'charlottestore@gmail.com'),
    (19, '1616 Elm St', 'Seattle', 'WA', 'USA', 1121121123, 'seattlestore@gmail.com'),
    (20, '1717 Main St', 'Denver', 'CO', 'USA', 2232232234, 'denverstore@gmail.com'),
    (21, '1818 Oak Ave', 'Washington', 'DC', 'USA', 3343343345, 'washingtonstore@gmail.com'),
    (22, '1919 Walnut St', 'Boston', 'MA', 'USA', 4454454456, 'bostonstore@gmail.com'),
    (23, '2020 Cedar Ave', 'Las Vegas', 'NV', 'USA', 5565565567, 'lasvegasstore@gmail.com'),
    (24, '2121 Birch St', 'Nashville', 'TN', 'USA', 6676676678, 'nashvillestore@gmail.com'),
    (25, '2222 Pine St', 'Portland', 'OR', 'USA', 7787787789, 'portlandstore@gmail.com'), 
    (26, '2323 Elm St', 'Atlanta', 'GA', 'USA', 8898898899, 'atlantastore@gmail.com'),
    (27, '2424 Main St', 'Orlando', 'FL', 'USA', 7787787788, 'orlandostore@gmail.com'),
    (28, '2525 Oak Ave', 'Miami', 'FL', 'USA', 6676676677, 'miamistore@gmail.com'),
    (29, '2626 Walnut St', 'Tampa', 'FL', 'USA', 5565565566, 'tampastore@gmail.com'),
    (30, '2727 Cedar Ave', 'Jacksonville', 'FL', 'USA', 4454454455, 'jacksonvillestore2@gmail.com');

-- Inserting values into the Employee table
INSERT INTO Employee (EmployeeID, StoreID, Supervisor_ID, First_Name, Last_Name, Contact_No, Email_Address, City, [State], Country)
VALUES
(1, 1, 2, 'John', 'Doe', 1234567890, 'johndoe@gmail.com', 'New York', 'NY', 'USA'),
(2, 1, 1, 'Jane', 'Smith', 9876543210, 'janesmith@yahoo.com', 'Los Angeles', 'CA', 'USA'),
(3, 2, 1, 'Michael', 'Johnson', 5551234567, 'michaeljohnson@gmail.com', 'Chicago', 'IL', 'USA'),
(4, 2, 1, 'Emily', 'Brown', 3339998888, 'emilybrown@yahoo.com', 'Houston', 'TX', 'USA'),
(5, 3, 1, 'Christopher', 'Martinez', 1112223333, 'christophermartinez@gmail.com', 'Phoenix', 'AZ', 'USA'),
(6, 3, 1, 'Emma', 'Garcia', 4445556666, 'emmagarcia@yahoo.com', 'Philadelphia', 'PA', 'USA'),
(7, 4, 1, 'Daniel', 'Lopez', 7778889999, 'daniellopez@gmail.com', 'San Antonio', 'TX', 'USA'),
(8, 4, 1, 'Olivia', 'Perez', 6667778888, 'oliviaperez@yahoo.com', 'San Diego', 'CA', 'USA'),
(9, 5, 1, 'Matthew', 'Gonzalez', 2223334444, 'matthewgonzalez@gmail.com', 'Dallas', 'TX', 'USA'),
(10, 5, 1, 'Sophia', 'Rodriguez', 9990001111, 'sophiarodriguez@yahoo.com', 'San Jose', 'CA', 'USA'),
(11, 1, 2, 'William', 'Wilson', 2234567890, 'williamwilson@gmail.com', 'New York', 'NY', 'USA'),
(12, 1, 2, 'Ashley', 'Anderson', 2276543210, 'ashleyanderson@yahoo.com', 'Los Angeles', 'CA', 'USA'),
(13, 2, 2, 'David', 'Taylor', 5531234567, 'davidtaylor@gmail.com', 'Chicago', 'IL', 'USA'),
(14, 2, 2, 'Hannah', 'Thomas', 3334998888, 'hannahthomas@yahoo.com', 'Houston', 'TX', 'USA'),
(15, 3, 2, 'James', 'Hernandez', 3112223333, 'jameshernandez@gmail.com', 'Phoenix', 'AZ', 'USA'),
(16, 3, 2, 'Ava', 'Moore', 3445556666, 'avamoore@yahoo.com', 'Philadelphia', 'PA', 'USA'),
(17, 4, 2, 'Benjamin', 'Nelson', 3778889999, 'benjaminnelson@gmail.com', 'San Antonio', 'TX', 'USA'),
(18, 4, 2, 'Mia', 'Hill', 3667778888, 'miahill@yahoo.com', 'San Diego', 'CA', 'USA'),
(19, 5, 2, 'Alexander', 'Ramirez', 3223334444, 'alexanderramirez@gmail.com', 'Dallas', 'TX', 'USA'),
(20, 5, 2, 'Chloe', 'Peterson', 3999000111, 'chloepeterson@yahoo.com', 'San Jose', 'CA', 'USA'),
(21, 1, 3, 'Ethan', 'King', 4334567890, 'ethanking@gmail.com', 'New York', 'NY', 'USA'),
(22, 1, 3, 'Madison', 'Bell', 4876543210, 'madisonbell@yahoo.com', 'Los Angeles', 'CA', 'USA'),
(23, 2, 3, 'Logan', 'Wright', 4551234568, 'loganwright@gmail.com', 'Chicago', 'IL', 'USA'),
(24, 2, 3, 'Abigail', 'Baker', 4339998889, 'abigailbaker@yahoo.com', 'Houston', 'TX', 'USA'),
(25, 3, 3, 'Ryan', 'Green', 4112223334, 'ryangreen@gmail.com', 'Phoenix', 'AZ', 'USA'),
(26, 3, 3, 'Samantha', 'Young', 4445556767, 'samanthayoung@yahoo.com', 'Philadelphia', 'PA', 'USA'),
(27, 4, 3, 'Jackson', 'Allen', 4778889998, 'jacksonallen@gmail.com', 'San Antonio', 'TX', 'USA'),
(28, 4, 3, 'Evelyn', 'Lewis', 4667778887, 'evelynlewis@yahoo.com', 'San Diego', 'CA', 'USA'),
(29, 5, 3, 'Luke', 'Lee', 4223334445, 'lukelee@gmail.com', 'Dallas', 'TX', 'USA'),
(30, 5, 3, 'Avery', 'Clark', 4990001112, 'averyclark@yahoo.com', 'San Jose', 'CA', 'USA');

-- Inserting values into the Car_Category table
INSERT INTO Car_Category (CategoryID, Category_Name, Hourly_Rate, Weekly_Rate, Monthly_Rate)
VALUES
(1, 'SUV', 50.00, 300.00, 1000.00),
(2, 'Sedan', 40.00, 250.00, 900.00),
(3, 'Hatchback', 35.00, 200.00, 800.00),
(4, 'Van', 60.00, 350.00, 1200.00),
(5, 'Sports Car', 100.00, 600.00, 2000.00),
(6, 'Mini Van', 70.00, 400.00, 1500.00),
(7, 'SUV', 55.00, 320.00, 1100.00),
(8, 'Sedan', 45.00, 270.00, 950.00),
(9, 'Hatchback', 38.00, 210.00, 850.00),
(10, 'Van', 65.00, 380.00, 1250.00),
(11, 'Sports Car', 110.00, 650.00, 2100.00),
(12, 'Mini Van', 75.00, 420.00, 1600.00),
(13, 'SUV', 60.00, 350.00, 1200.00),
(14, 'Sedan', 50.00, 300.00, 1000.00),
(15, 'Hatchback', 40.00, 250.00, 900.00),
(16, 'Van', 70.00, 400.00, 1500.00),
(17, 'Sports Car', 120.00, 700.00, 2200.00),
(18, 'Mini Van', 80.00, 450.00, 1700.00),
(19, 'SUV', 65.00, 380.00, 1250.00),
(20, 'Sedan', 55.00, 320.00, 1100.00),
(21, 'Hatchback', 45.00, 270.00, 950.00),
(22, 'Van', 75.00, 420.00, 1600.00),
(23, 'Sports Car', 130.00, 750.00, 2300.00),
(24, 'Mini Van', 85.00, 480.00, 1800.00),
(25, 'SUV', 70.00, 400.00, 1500.00),
(26, 'Sedan', 60.00, 350.00, 1200.00),
(27, 'Hatchback', 50.00, 300.00, 1000.00),
(28, 'Van', 80.00, 450.00, 1700.00),
(29, 'Sports Car', 140.00, 800.00, 2400.00),
(30, 'Mini Van', 90.00, 500.00, 1900.00);

-- Inserting values into the Car table
INSERT INTO Car (CarID, CategoryID, StoreID, Make, Model, Fuel_Type, YearOfManufacturing, Condition, License_Plate_Number, Color, Availability, Transmission_Type)
VALUES
(1, 1, 1, 'Toyota', 'RAV4', 'Petrol', 2019, 'Good', 'ABC123', 'Blue', 'True', 'Automatic'),
(2, 2, 1, 'Honda', 'Civic', 'Petrol', 2018, 'Excellent', 'XYZ456', 'Black', 'True', 'Automatic'),
(3, 3, 1, 'Ford', 'Fiesta', 'Petrol', 2020, 'Good', 'DEF789', 'White', 'True', 'Manual'),
(4, 4, 1, 'Mercedes-Benz', 'Sprinter', 'Diesel', 2021, 'Excellent', 'GHI012', 'Silver', 'True', 'Automatic'),
(5, 5, 1, 'Porsche', '911', 'Petrol', 2022, 'Good', 'JKL345', 'Red', 'True', 'Automatic'),
(6, 6, 1, 'Toyota', 'Sienna', 'Petrol', 2019, 'Good', 'MNO678', 'Grey', 'True', 'Automatic'),
(7, 1, 2, 'Nissan', 'Rogue', 'Petrol', 2017, 'Good', 'PQR901', 'Green', 'True', 'Automatic'),
(8, 2, 2, 'Chevrolet', 'Malibu', 'Petrol', 2019, 'Excellent', 'STU234', 'Silver', 'True', 'Automatic'),
(9, 3, 2, 'Volkswagen', 'Golf', 'Petrol', 2020, 'Good', 'VWX567', 'Blue', 'True', 'Manual'),
(10, 4, 2, 'Ford', 'Transit', 'Diesel', 2021, 'Excellent', 'YZA890', 'White', 'True', 'Automatic'),
(11, 5, 2, 'Audi', 'TT', 'Petrol', 2022, 'Good', 'BCD123', 'Black', 'True', 'Automatic'),
(12, 6, 2, 'Honda', 'Odyssey', 'Petrol', 2018, 'Good', 'EFG456', 'Red', 'True', 'Automatic'),
(13, 1, 3, 'Toyota', 'Highlander', 'Petrol', 2017, 'Good', 'HIJ789', 'Silver', 'True', 'Automatic'),
(14, 2, 3, 'Hyundai', 'Elantra', 'Petrol', 2019, 'Good', 'KLM012', 'Blue', 'True', 'Automatic'),
(15, 3, 3, 'Mazda', 'Mazda3', 'Petrol', 2020, 'Good', 'NOP345', 'Black', 'True', 'Manual'),
(16, 4, 3, 'Mercedes-Benz', 'Vito', 'Diesel', 2021, 'Excellent', 'QRS678', 'Grey', 'True', 'Automatic'),
(17, 5, 3, 'Ferrari', '488', 'Petrol', 2022, 'Good', 'TUV901', 'Red', 'True', 'Automatic'),
(18, 6, 3, 'Chrysler', 'Pacifica', 'Petrol', 2018, 'Good', 'WXY234', 'White', 'True', 'Automatic'),
(19, 1, 4, 'Jeep', 'Wrangler', 'Petrol', 2017, 'Good', 'YZA567', 'Green', 'True', 'Manual'),
(20, 2, 4, 'Kia', 'Optima', 'Petrol', 2019, 'Good', 'BCD890', 'Silver', 'True', 'Automatic'),
(21, 3, 4, 'Subaru', 'Impreza', 'Petrol', 2020, 'Good', 'EFG123', 'Blue', 'False', 'Manual'),
(22, 4, 4, 'Volkswagen', 'Transporter', 'Diesel', 2021, 'Excellent', 'HIJ456', 'Black', 'False', 'Automatic'),
(23, 5, 4, 'Lamborghini', 'Huracan', 'Petrol', 2022, 'Good', 'KLM789', 'Yellow', 'False', 'Automatic'),
(24, 6, 4, 'Dodge', 'Grand Caravan', 'Petrol', 2018, 'Good', 'NOP012', 'White', 'False', 'Automatic'),
(25, 1, 5, 'Tesla', 'Model X', 'EV', 2019, 'Good', 'QRS345', 'Blue', 'False', 'Automatic'),
(26, 2, 5, 'BMW', '3 Series', 'Petrol', 2019, 'Good', 'TUV678', 'Black', 'False', 'Automatic'),
(27, 3, 5, 'Ford', 'Focus', 'Petrol', 2020, 'Good', 'WXY901', 'Red', 'False', 'Manual'),
(28, 4, 5, 'Mercedes-Benz', 'V-Class', 'Diesel', 2021, 'Excellent', 'YZA234', 'Silver', 'False', 'Automatic'),
(29, 5, 5, 'Maserati', 'Ghibli', 'Petrol', 2022, 'Good', 'BCD567', 'Black', 'False', 'Automatic'),
(30, 6, 5, 'Chrysler', 'Voyager', 'Petrol', 2018, 'Good', 'EFG890', 'White', 'False', 'Automatic');

-- Inserting values into the Maintenance table
INSERT INTO Maintenance (MaintenanceID, EmployeeID, CarID, MaintenanceDate, MaintenanceDetails)
VALUES
(1, 1, 1, '2023-01-05', 'Performed regular oil change and replaced filters.'),
(2, 2, 2, '2023-02-10', 'Repaired minor dent on the rear bumper.'),
(3, 3, 3, '2023-03-15', 'Replaced brake pads and discs.'),
(4, 4, 4, '2023-04-20', 'Fixed malfunctioning AC system.'),
(5, 5, 5, '2023-05-25', 'Performed full vehicle inspection and maintenance.'),
(6, 6, 6, '2023-06-30', 'Replaced worn-out tires with new ones.'),
(7, 7, 7, '2023-07-05', 'Fixed electrical issues in the dashboard.'),
(8, 8, 8, '2023-08-10', 'Performed engine tune-up and replaced spark plugs.'),
(9, 9, 9, '2023-09-15', 'Repaired exhaust system and replaced muffler.'),
(10, 10, 10, '2023-10-20', 'Replaced windshield and fixed cracks.'),
(11, 11, 11, '2023-11-25', 'Performed routine maintenance and checked fluids.'),
(12, 12, 12, '2023-12-30', 'Fixed suspension issues and aligned wheels.'),
(13, 13, 13, '2024-01-05', 'Repaired scratches and repainted the car.'),
(14, 14, 14, '2024-02-10', 'Replaced worn-out suspension components.'),
(15, 15, 15, '2024-03-15', 'Performed diagnostics and fixed engine misfire.'),
(16, 16, 16, '2024-04-20', 'Replaced worn-out brake pads and rotors.'),
(17, 17, 17, '2024-05-25', 'Fixed transmission issues and replaced fluid.'),
(18, 18, 18, '2024-06-30', 'Performed major engine overhaul and replaced timing belt.'),
(19, 19, 19, '2024-07-05', 'Repaired body damage from an accident.'),
(20, 20, 20, '2024-08-10', 'Performed routine maintenance and checked for leaks.'),
(21, 21, 21, '2024-09-15', 'Replaced worn-out suspension bushings.'),
(22, 22, 22, '2024-10-20', 'Fixed coolant leaks and replaced hoses.'),
(23, 23, 23, '2024-11-25', 'Performed diagnostics for engine warning lights.'),
(24, 24, 24, '2024-12-30', 'Replaced worn-out exhaust components.'),
(25, 25, 25, '2025-01-05', 'Repaired damaged body panels and repainted.'),
(26, 26, 26, '2025-02-10', 'Replaced worn-out shocks and struts.'),
(27, 27, 27, '2025-03-15', 'Fixed electrical issues related to the starter.'),
(28, 28, 28, '2025-04-20', 'Performed routine maintenance and checked belts.'),
(29, 29, 29, '2025-05-25', 'Repaired power steering system and replaced fluid.'),
(30, 30, 30, '2025-06-30', 'Replaced worn-out wheel bearings and hubs.');

-- Inserting values into the Customer table
INSERT INTO Customer (CustomerID, Driver_LicenseNo, FirstName, LastName, ContactNo, Email_Address)
VALUES
(1, 'DL123456', 'John', 'Doe', 1234567890, 'john.doe@gmail.com'),
(2, 'DL654321', 'Jane', 'Smith', 9876543210, 'jane.smith@gmail.com'),
(3, 'DL789012', 'Michael', 'Johnson', 5551234567, 'michael.johnson@gmail.com'),
(4, 'DL345678', 'Emily', 'Brown', 3339998888, 'emily.brown@gmail.com'),
(5, 'DL890123', 'Christopher', 'Martinez', 1112223333, 'christopher.martinez@gmail.com'),
(6, 'DL567890', 'Emma', 'Garcia', 4445556666, 'emma.garcia@gmail.com'),
(7, 'DL012345', 'Daniel', 'Lopez', 7778889999, 'daniel.lopez@gmail.com'),
(8, 'DL543210', 'Olivia', 'Perez', 6667778888, 'olivia.perez@gmail.com'),
(9, 'DL678901', 'Matthew', 'Gonzalez', 2223334444, 'matthew.gonzalez@gmail.com'),
(10, 'DL234567', 'Sophia', 'Rodriguez', 9990001111, 'sophia.rodriguez@gmail.com'),
(11, 'DL321654', 'William', 'Wilson', 1112345678, 'william.wilson@gmail.com'),
(12, 'DL456789', 'Ashley', 'Anderson', 2223456789, 'ashley.anderson@gmail.com'),
(13, 'DL987012', 'David', 'Taylor', 3334567890, 'david.taylor@gmail.com'),
(14, 'DL123789', 'Hannah', 'Thomas', 4445678901, 'hannah.thomas@gmail.com'),
(15, 'DL210987', 'James', 'Hernandez', 5556789012, 'james.hernandez@gmail.com'),
(16, 'DL876543', 'Ava', 'Moore', 6667890123, 'ava.moore@gmail.com'),
(17, 'DL543123', 'Benjamin', 'Nelson', 7778901234, 'benjamin.nelson@gmail.com'),
(18, 'DL678345', 'Mia', 'Hill', 8889012345, 'mia.hill@gmail.com'),
(19, 'DL987456', 'Alexander', 'Ramirez', 9990123456, 'alexander.ramirez@gmail.com'),
(20, 'DL4567891', 'Chloe', 'Peterson', 1112223334, 'chloe.peterson@gmail.com'),
(21, 'DL654789', 'Ethan', 'King', 2223334445, 'ethan.king@gmail.com'),
(22, 'DL789234', 'Madison', 'Bell', 3334445556, 'madison.bell@gmail.com'),
(23, 'DL3456789', 'Logan', 'Wright', 4445556667, 'logan.wright@gmail.com'),
(24, 'DL0123456', 'Abigail', 'Baker', 5556667778, 'abigail.baker@gmail.com'),
(25, 'DL543901', 'Ryan', 'Green', 6667778889, 'ryan.green@gmail.com'),
(26, 'DL2109876', 'Samantha', 'Young', 7778889990, 'samantha.young@gmail.com'),
(27, 'DL6789012', 'Jackson', 'Allen', 8889990001, 'jackson.allen@gmail.com'),
(28, 'DL987654', 'Evelyn', 'Lewis', 9990001112, 'evelyn.lewis@gmail.com'),
(29, 'DL6543210', 'Luke', 'Lee', 1234567899, 'luke.lee@gmail.com'),
(30, 'DL3216547', 'Avery', 'Clark', 2345678901, 'avery.clark@gmail.com');

-- Inserting values into the Reservation table
INSERT INTO Reservation (ReservationID, CustomerID, CarID, Pickup_Date_and_Time, Return_Date_and_Time, Opt_Insurance)
VALUES
(1, 1, 1, '2024-04-10 10:00:00', '2024-04-15 10:00:00', 'TRUE'),
(2, 2, 2, '2024-04-11 11:00:00', '2024-04-16 11:00:00', 'FALSE'),
(3, 3, 3, '2024-04-12 12:00:00', '2024-04-17 12:00:00', 'TRUE'),
(4, 4, 4, '2024-04-13 13:00:00', '2024-04-18 13:00:00', 'FALSE'),
(5, 5, 5, '2024-04-14 14:00:00', '2024-04-19 14:00:00', 'TRUE'),
(6, 6, 6, '2024-04-15 15:00:00', '2024-04-20 15:00:00', 'FALSE'),
(7, 7, 7, '2024-04-16 16:00:00', '2024-04-21 16:00:00', 'TRUE'),
(8, 8, 8, '2024-04-17 17:00:00', '2024-04-22 17:00:00', 'FALSE'),
(9, 9, 9, '2024-04-18 18:00:00', '2024-04-23 18:00:00', 'TRUE'),
(10, 10, 10, '2024-04-19 19:00:00', '2024-04-24 19:00:00', 'FALSE'),
(11, 11, 11, '2024-04-20 20:00:00', '2024-04-25 20:00:00', 'TRUE'),
(12, 12, 12, '2024-04-21 21:00:00', '2024-04-26 21:00:00', 'FALSE'),
(13, 13, 13, '2024-04-22 22:00:00', '2024-04-27 22:00:00', 'TRUE'),
(14, 14, 14, '2024-04-23 23:00:00', '2024-04-28 23:00:00', 'FALSE'),
(15, 15, 15, '2024-04-24 00:00:00', '2024-04-29 00:00:00', 'TRUE'),
(16, 16, 16, '2024-04-25 01:00:00', '2024-04-30 01:00:00', 'FALSE'),
(17, 17, 17, '2024-04-26 02:00:00', '2024-05-01 02:00:00', 'TRUE'),
(18, 18, 18, '2024-04-27 03:00:00', '2024-05-02 03:00:00', 'FALSE'),
(19, 19, 19, '2024-04-28 04:00:00', '2024-05-03 04:00:00', 'TRUE'),
(20, 20, 20, '2024-04-29 05:00:00', '2024-05-04 05:00:00', 'FALSE'),
(21, 21, 21, '2024-04-30 06:00:00', '2024-05-05 06:00:00', 'TRUE'),
(22, 22, 22, '2024-05-01 07:00:00', '2024-05-06 07:00:00', 'FALSE'),
(23, 23, 23, '2024-05-02 08:00:00', '2024-05-07 08:00:00', 'TRUE'),
(24, 24, 24, '2024-05-03 09:00:00', '2024-05-08 09:00:00', 'FALSE'),
(25, 25, 25, '2024-05-04 10:00:00', '2024-05-09 10:00:00', 'TRUE'),
(26, 26, 26, '2024-05-05 11:00:00', '2024-05-10 11:00:00', 'FALSE'),
(27, 27, 27, '2024-05-06 12:00:00', '2024-05-11 12:00:00', 'TRUE'),
(28, 28, 28, '2024-05-07 13:00:00', '2024-05-12 13:00:00', 'FALSE'),
(29, 29, 29, '2024-05-08 14:00:00', '2024-05-13 14:00:00', 'TRUE'),
(30, 30, 30, '2024-05-09 15:00:00', '2024-05-14 15:00:00', 'FALSE');

-- Inserting values into the Support table
INSERT INTO Support (ReservationID, CustomerID, EmployeeID, Support_Type, Support_Description, Support_Status)
VALUES
(1, 1, 1, 'Technical Support', 'Car engine issue', 'Open'),
(2, 2, 2, 'Billing Support', 'Payment query', 'Closed'),
(3, 3, 3, 'Technical Support', 'Car AC not working', 'Pending'),
(4, 4, 4, 'Technical Support', 'Car tire punctured', 'Open'),
(5, 5, 5, 'Billing Support', 'Invoice discrepancy', 'Closed'),
(6, 6, 6, 'Technical Support', 'Car battery dead', 'Pending'),
(7, 7, 7, 'Technical Support', 'Car overheating', 'Open'),
(8, 8, 8, 'Billing Support', 'Refund request', 'Closed'),
(9, 9, 9, 'Technical Support', 'Car lock jammed', 'Pending'),
(10, 10, 10, 'Technical Support', 'Car alarm not working', 'Open'),
(11, 11, 11, 'Billing Support', 'Payment confirmation', 'Closed'),
(12, 12, 12, 'Technical Support', 'Car navigation system failure', 'Pending'),
(13, 13, 13, 'Technical Support', 'Car headlights malfunctioning', 'Open'),
(14, 14, 14, 'Billing Support', 'Invoice not received', 'Closed'),
(15, 15, 15, 'Technical Support', 'Car stereo system issue', 'Pending'),
(16, 16, 16, 'Technical Support', 'Car wiper not working', 'Open'),
(17, 17, 17, 'Billing Support', 'Payment overdue', 'Closed'),
(18, 18, 18, 'Technical Support', 'Car door will not close properly', 'Pending'),
(19, 19, 19, 'Technical Support', 'Car key lost', 'Open'),
(20, 20, 20, 'Billing Support', 'Payment failure', 'Closed'),
(21, 21, 21, 'Technical Support', 'Car trunk stuck', 'Pending'),
(22, 22, 22, 'Technical Support', 'Car window will not roll up', 'Open'),
(23, 23, 23, 'Billing Support', 'Billing address update', 'Closed'),
(24, 24, 24, 'Technical Support', 'Car mirror broken', 'Pending'),
(25, 25, 25, 'Technical Support', 'Car seat adjustment issue', 'Open'),
(26, 26, 26, 'Billing Support', 'Payment plan query', 'Closed'),
(27, 27, 27, 'Technical Support', 'Car alarm keeps going off', 'Pending'),
(28, 28, 28, 'Technical Support', 'Car engine noise', 'Open'),
(29, 29, 29, 'Billing Support', 'Payment method change', 'Closed'),
(30, 30, 30, 'Technical Support', 'Car registration problem', 'Pending');

-- Inserting values into the Insurance table
INSERT INTO Insurance (InsuranceID, ReservationID, Coverate_Type, Coverage_Amount)
VALUES
(1, 1, 'Basic', 100.00),
(2, 2, 'Premium', 150.00),
(3, 3, 'Standard', 120.00),
(4, 4, 'Basic', 100.00),
(5, 5, 'Premium', 150.00),
(6, 6, 'Standard', 120.00),
(7, 7, 'Basic', 100.00),
(8, 8, 'Premium', 150.00),
(9, 9, 'Standard', 120.00),
(10, 10, 'Basic', 100.00),
(11, 11, 'Premium', 150.00),
(12, 12, 'Standard', 120.00),
(13, 13, 'Basic', 100.00),
(14, 14, 'Premium', 150.00),
(15, 15, 'Standard', 120.00),
(16, 16, 'Basic', 100.00),
(17, 17, 'Premium', 150.00),
(18, 18, 'Standard', 120.00),
(19, 19, 'Basic', 100.00),
(20, 20, 'Premium', 150.00),
(21, 21, 'Standard', 120.00),
(22, 22, 'Basic', 100.00),
(23, 23, 'Premium', 150.00),
(24, 24, 'Standard', 120.00),
(25, 25, 'Basic', 100.00),
(26, 26, 'Premium', 150.00),
(27, 27, 'Standard', 120.00),
(28, 28, 'Basic', 100.00),
(29, 29, 'Premium', 150.00),
(30, 30, 'Standard', 120.00);

-- Inserting values into the Return_and_Inspection table
INSERT INTO Return_and_Inspection (InspectionID, ReservationID, EmployeeID, InspectionDate, InspectionOutcome, Damage_Details, Feedback)
VALUES
(1, 1, 1, '2024-05-01 10:00:00', 'No damage found', 'N/A', 'Good service'),
(2, 2, 2, '2024-05-02 10:00:00', 'Minor scratch on rear bumper', 'Minor scratch on rear bumper', 'Satisfactory'),
(3, 3, 3, '2024-05-03 10:00:00', 'No damage found', 'N/A', 'Excellent service'),
(4, 4, 4, '2024-05-04 10:00:00', 'Dent on the driver side door', 'Dent on the driver side door', 'Average service'),
(5, 5, 5, '2024-05-05 10:00:00', 'No damage found', 'N/A', 'Good service'),
(6, 6, 6, '2024-05-06 10:00:00', 'No damage found', 'N/A', 'Satisfactory'),
(7, 7, 7, '2024-05-07 10:00:00', 'No damage found', 'N/A', 'Excellent service'),
(8, 8, 8, '2024-05-08 10:00:00', 'Minor scratch on passenger side door', 'Minor scratch on passenger side door', 'Average service'),
(9, 9, 9, '2024-05-09 10:00:00', 'No damage found', 'N/A', 'Good service'),
(10, 10, 10, '2024-05-10 10:00:00', 'No damage found', 'N/A', 'Satisfactory'),
(11, 11, 11, '2024-05-11 10:00:00', 'Minor dent on the hood', 'Minor dent on the hood', 'Excellent service'),
(12, 12, 12, '2024-05-12 10:00:00', 'No damage found', 'N/A', 'Average service'),
(13, 13, 13, '2024-05-13 10:00:00', 'No damage found', 'N/A', 'Good service'),
(14, 14, 14, '2024-05-14 10:00:00', 'No damage found', 'N/A', 'Satisfactory'),
(15, 15, 15, '2024-05-15 10:00:00', 'Minor scratch on the front bumper', 'Minor scratch on the front bumper', 'Excellent service'),
(16, 16, 16, '2024-05-16 10:00:00', 'No damage found', 'N/A', 'Average service'),
(17, 17, 17, '2024-05-17 10:00:00', 'No damage found', 'N/A', 'Good service'),
(18, 18, 18, '2024-05-18 10:00:00', 'Dent on the rear door', 'Dent on the rear door', 'Satisfactory'),
(19, 19, 19, '2024-05-19 10:00:00', 'No damage found', 'N/A', 'Excellent service'),
(20, 20, 20, '2024-05-20 10:00:00', 'Minor scratch on the side mirror', 'Minor scratch on the side mirror', 'Average service'),
(21, 21, 21, '2024-05-21 10:00:00', 'No damage found', 'N/A', 'Good service'),
(22, 22, 22, '2024-05-22 10:00:00', 'No damage found', 'N/A', 'Satisfactory'),
(23, 23, 23, '2024-05-23 10:00:00', 'Minor dent on the trunk', 'Minor dent on the trunk', 'Excellent service'),
(24, 24, 24, '2024-05-24 10:00:00', 'No damage found', 'N/A', 'Average service'),
(25, 25, 25, '2024-05-25 10:00:00', 'No damage found', 'N/A', 'Good service'),
(26, 26, 26, '2024-05-26 10:00:00', 'Minor scratch on the roof', 'Minor scratch on the roof', 'Satisfactory'),
(27, 27, 27, '2024-05-27 10:00:00', 'No damage found', 'N/A', 'Excellent service'),
(28, 28, 28, '2024-05-28 10:00:00', 'No damage found', 'N/A', 'Average service'),
(29, 29, 29, '2024-05-29 10:00:00', 'Minor dent on the rear bumper', 'Minor dent on the rear bumper', 'Good service'),
(30, 30, 30, '2024-05-30 10:00:00', 'No damage found', 'N/A', 'Satisfactory');

-- Inserting values into the Billing table
INSERT INTO Billing (BillingID, ReservationID, InspectionID, Bill_Amount_Total, Bill_Amount_Due, Payment_Date, Payment_Status, Payment_Mode, Billing_Statement)
VALUES
(1, 1, 1, 150.00, 150.00, '2024-05-01 12:00:00', 'Failed', 'Credit/Debit Card', 'Billing statement details for ReservationID 1'),
(2, 2, 2, 200.00, 200.00, '2024-05-02 12:00:00', 'Failed', 'Google Pay', 'Billing statement details for ReservationID 2'),
(3, 3, 3, 180.00, 180.00, '2024-05-03 12:00:00', 'Failed', 'Apple Pay', 'Billing statement details for ReservationID 3'),
(4, 4, 4, 160.00, 160.00, '2024-05-04 12:00:00', 'Failed', 'Credit/Debit Card', 'Billing statement details for ReservationID 4'),
(5, 5, 5, 190.00, 190.00, '2024-05-05 12:00:00', 'Failed', 'Google Pay', 'Billing statement details for ReservationID 5'),
(6, 6, 6, 170.00, 170.00, '2024-05-06 12:00:00', 'Failed', 'Apple Pay', 'Billing statement details for ReservationID 6'),
(7, 7, 7, 200.00, 200.00, '2024-05-07 12:00:00', 'Failed', 'Credit/Debit Card', 'Billing statement details for ReservationID 7'),
(8, 8, 8, 180.00, 180.00, '2024-05-08 12:00:00', 'Failed', 'Google Pay', 'Billing statement details for ReservationID 8'),
(9, 9, 9, 150.00, 150.00, '2024-05-09 12:00:00', 'Failed', 'Apple Pay', 'Billing statement details for ReservationID 9'),
(10, 10, 10, 220.00, 220.00, '2024-05-10 12:00:00', 'Failed', 'Credit/Debit Card', 'Billing statement details for ReservationID 10'),
(11, 11, 11, 190.00, 190.00, '2024-05-11 12:00:00', 'Success', 'Credit/Debit Card', 'Billing statement details for ReservationID 11'),
(12, 12, 12, 210.00, 210.00, '2024-05-12 12:00:00', 'Success', 'Google Pay', 'Billing statement details for ReservationID 12'),
(13, 13, 13, 170.00, 170.00, '2024-05-13 12:00:00', 'Success', 'Apple Pay', 'Billing statement details for ReservationID 13'),
(14, 14, 14, 180.00, 180.00, '2024-05-14 12:00:00', 'Success', 'Credit/Debit Card', 'Billing statement details for ReservationID 14'),
(15, 15, 15, 200.00, 200.00, '2024-05-15 12:00:00', 'Success', 'Google Pay', 'Billing statement details for ReservationID 15'),
(16, 16, 16, 160.00, 160.00, '2024-05-16 12:00:00', 'Success', 'Apple Pay', 'Billing statement details for ReservationID 16'),
(17, 17, 17, 180.00, 180.00, '2024-05-17 12:00:00', 'Success', 'Credit/Debit Card', 'Billing statement details for ReservationID 17'),
(18, 18, 18, 170.00, 170.00, '2024-05-18 12:00:00', 'Success', 'Google Pay', 'Billing statement details for ReservationID 18'),
(19, 19, 19, 190.00, 190.00, '2024-05-19 12:00:00', 'Success', 'Apple Pay', 'Billing statement details for ReservationID 19'),
(20, 20, 20, 200.00, 200.00, '2024-05-20 12:00:00', 'Success', 'Credit/Debit Card', 'Billing statement details for ReservationID 20'),
(21, 21, 21, 180.00, 180.00, '2024-05-21 12:00:00', 'Success', 'Google Pay', 'Billing statement details for ReservationID 21'),
(22, 22, 22, 170.00, 170.00, '2024-05-22 12:00:00', 'Success', 'Apple Pay', 'Billing statement details for ReservationID 22'),
(23, 23, 23, 190.00, 190.00, '2024-05-23 12:00:00', 'Success', 'Credit/Debit Card', 'Billing statement details for ReservationID 23'),
(24, 24, 24, 200.00, 200.00, '2024-05-24 12:00:00', 'Success', 'Google Pay', 'Billing statement details for ReservationID 24'),
(25, 25, 25, 160.00, 160.00, '2024-05-25 12:00:00', 'Success', 'Apple Pay', 'Billing statement details for ReservationID 25'),
(26, 26, 26, 220.00, 220.00, '2024-05-26 12:00:00', 'Success', 'Credit/Debit Card', 'Billing statement details for ReservationID 26'),
(27, 27, 27, 190.00, 190.00, '2024-05-27 12:00:00', 'Success', 'Google Pay', 'Billing statement details for ReservationID 27'),
(28, 28, 28, 180.00, 180.00, '2024-05-28 12:00:00', 'Success', 'Apple Pay', 'Billing statement details for ReservationID 28'),
(29, 29, 29, 170.00, 170.00, '2024-05-29 12:00:00', 'Success', 'Credit/Debit Card', 'Billing statement details for ReservationID 29'),
(30, 30, 30, 200.00, 200.00, '2024-05-30 12:00:00', 'Success', 'Google Pay', 'Billing statement details for ReservationID 30');